residence_area_type,0,1
Rural,6.30880959898958,93.69119040101042
Urban,6.22626237469647,93.77373762530354
