sourcing_channel,0,1
A,5.445820002782028,94.55417999721797
B,6.4559108527131785,93.54408914728683
C,7.500622975330177,92.49937702466983
D,8.387352824447678,91.61264717555233
E,7.55336617405583,92.44663382594418
